               epoch,      train/box_loss,      train/obj_loss,      train/cls_loss,   metrics/precision,      metrics/recall,     metrics/mAP_0.5,metrics/mAP_0.5:0.95,        val/box_loss,        val/obj_loss,        val/cls_loss,               x/lr0,               x/lr1,               x/lr2
                   0,            0.096436,            0.019041,            0.055045,           0.0037675,               0.964,            0.025634,           0.0067246,            0.072162,            0.013008,            0.047928,              0.0704,           0.0032889,           0.0032889
                   1,            0.063303,            0.018293,            0.046602,             0.11076,             0.24877,             0.18242,            0.062879,            0.061813,            0.008752,            0.041091,            0.040378,           0.0066004,           0.0066004
                   2,            0.058945,            0.014639,            0.042468,             0.25315,             0.50909,             0.36351,             0.16212,            0.056039,           0.0073457,            0.038385,            0.010334,           0.0098898,           0.0098898
                   3,            0.056411,            0.011817,            0.038785,             0.30801,              0.5516,              0.4007,             0.16148,            0.052428,           0.0059738,            0.036107,            0.009901,            0.009901,            0.009901
                   4,            0.050368,           0.0098394,            0.035731,             0.64149,             0.66859,             0.67182,             0.35456,            0.044304,           0.0049488,             0.03182,            0.009901,            0.009901,            0.009901
                   5,            0.048051,           0.0090698,            0.032589,             0.44577,             0.67086,             0.60459,             0.31959,            0.046508,           0.0048277,            0.028322,            0.009868,            0.009868,            0.009868
                   6,            0.045423,           0.0084884,            0.028859,             0.59731,             0.66572,              0.7184,             0.42318,            0.041169,           0.0044672,            0.025258,            0.009835,            0.009835,            0.009835
                   7,            0.043824,           0.0082193,            0.024246,             0.84325,              0.7737,             0.88298,             0.51328,              0.0391,           0.0043093,            0.020109,            0.009802,            0.009802,            0.009802
                   8,            0.043091,           0.0085933,            0.020343,             0.79232,             0.88102,             0.92388,             0.47953,             0.04096,            0.004133,             0.01539,            0.009769,            0.009769,            0.009769
                   9,            0.042904,            0.007986,            0.016506,             0.73839,             0.92521,             0.88631,             0.51432,            0.041015,            0.003953,            0.013035,            0.009736,            0.009736,            0.009736
                  10,            0.041202,           0.0076826,            0.013346,             0.91133,             0.95147,             0.94692,             0.60994,            0.037297,           0.0039816,            0.010902,            0.009703,            0.009703,            0.009703
                  11,            0.040546,           0.0077213,            0.011577,              0.8706,             0.93215,             0.94715,             0.59743,            0.036201,           0.0039146,            0.011312,             0.00967,             0.00967,             0.00967
                  12,            0.040081,           0.0073044,            0.011025,             0.95593,             0.91939,             0.97796,             0.68677,            0.033473,           0.0037238,            0.011232,            0.009637,            0.009637,            0.009637
                  13,             0.03874,            0.007607,            0.010539,             0.90513,             0.92709,             0.95503,             0.59744,            0.036426,           0.0038145,           0.0099343,            0.009604,            0.009604,            0.009604
                  14,            0.038712,           0.0075134,            0.010159,             0.94421,             0.96664,             0.98239,             0.70422,             0.03384,           0.0036309,           0.0089812,            0.009571,            0.009571,            0.009571
                  15,            0.038281,           0.0075856,           0.0095207,             0.91502,             0.97544,              0.9693,             0.65925,            0.036578,           0.0035939,           0.0087511,            0.009538,            0.009538,            0.009538
                  16,            0.037827,           0.0075316,            0.010102,             0.85845,             0.94839,             0.92666,             0.67288,            0.035235,           0.0038009,            0.010377,            0.009505,            0.009505,            0.009505
                  17,            0.037863,            0.007478,           0.0093188,             0.96022,             0.96858,             0.98913,             0.69641,            0.032643,           0.0036072,           0.0076302,            0.009472,            0.009472,            0.009472
                  18,            0.037242,           0.0075239,           0.0095547,             0.97155,             0.99206,              0.9847,             0.71598,            0.032488,           0.0035923,           0.0080237,            0.009439,            0.009439,            0.009439
                  19,            0.036236,           0.0072078,           0.0093102,             0.97191,             0.96712,             0.98741,             0.71247,            0.032869,           0.0035378,            0.008004,            0.009406,            0.009406,            0.009406
                  20,            0.035878,             0.00702,           0.0087391,             0.98611,              0.9825,             0.98658,             0.71599,            0.033128,           0.0034838,           0.0073725,            0.009373,            0.009373,            0.009373
                  21,            0.035913,           0.0071836,            0.008963,              0.9382,             0.96529,             0.97167,             0.69922,            0.033103,           0.0035476,           0.0073501,             0.00934,             0.00934,             0.00934
                  22,            0.035472,            0.006956,           0.0082024,             0.96119,             0.95918,             0.98086,             0.73774,            0.030669,           0.0034452,           0.0093728,            0.009307,            0.009307,            0.009307
                  23,            0.034891,           0.0070186,           0.0080775,             0.98654,              0.9781,             0.98659,             0.71811,            0.030735,           0.0034159,           0.0076557,            0.009274,            0.009274,            0.009274
                  24,            0.034314,           0.0069272,           0.0080637,             0.93305,             0.95587,             0.95861,             0.69751,            0.033386,           0.0033359,           0.0082874,            0.009241,            0.009241,            0.009241
                  25,            0.033714,           0.0068688,           0.0080238,             0.97058,             0.97582,             0.97713,             0.71663,            0.031257,           0.0034036,           0.0075994,            0.009208,            0.009208,            0.009208
                  26,            0.034325,           0.0068616,           0.0080622,             0.97172,              0.9752,             0.97361,             0.72292,            0.030915,           0.0033465,            0.007896,            0.009175,            0.009175,            0.009175
                  27,            0.033684,           0.0067471,            0.008065,              0.9415,              0.9513,             0.95419,             0.69944,            0.033529,           0.0034425,            0.007966,            0.009142,            0.009142,            0.009142
                  28,            0.033603,           0.0066988,           0.0081165,              0.9686,             0.97688,             0.98217,             0.76693,            0.029024,           0.0032784,           0.0075937,            0.009109,            0.009109,            0.009109
                  29,            0.034293,           0.0069372,           0.0084302,             0.95511,             0.95313,             0.97082,              0.7397,            0.030831,           0.0032858,           0.0074899,            0.009076,            0.009076,            0.009076
                  30,            0.033528,           0.0067592,           0.0071705,             0.96127,             0.94328,             0.97874,             0.73627,             0.03055,            0.003228,           0.0092535,            0.009043,            0.009043,            0.009043
                  31,            0.032612,           0.0069128,           0.0080659,             0.97184,             0.97257,             0.98665,             0.74512,            0.029825,           0.0033106,           0.0072374,             0.00901,             0.00901,             0.00901
                  32,            0.032285,            0.006616,           0.0081108,             0.96808,             0.98173,             0.98266,             0.76498,            0.030002,           0.0032922,            0.007301,            0.008977,            0.008977,            0.008977
                  33,            0.032378,           0.0067359,           0.0074175,             0.96973,             0.98927,             0.98459,              0.7941,            0.028183,           0.0032317,           0.0077341,            0.008944,            0.008944,            0.008944
                  34,            0.031963,           0.0065812,           0.0072992,             0.96888,             0.96986,              0.9756,             0.70796,            0.031933,           0.0031711,            0.006652,            0.008911,            0.008911,            0.008911
                  35,            0.031518,           0.0066595,           0.0068902,              0.9541,             0.92573,             0.96724,              0.7129,            0.032465,           0.0031876,            0.010908,            0.008878,            0.008878,            0.008878
                  36,            0.030476,            0.006446,           0.0071482,             0.96935,             0.97167,              0.9873,             0.76651,            0.029235,           0.0032589,           0.0065129,            0.008845,            0.008845,            0.008845
                  37,            0.031672,           0.0063558,           0.0070774,             0.97554,             0.97429,             0.98231,             0.74724,            0.029066,           0.0032532,            0.007292,            0.008812,            0.008812,            0.008812
                  38,            0.030432,           0.0064457,           0.0069107,             0.95951,             0.96005,             0.95851,             0.74637,             0.03139,           0.0032079,           0.0071264,            0.008779,            0.008779,            0.008779
                  39,            0.030513,            0.005955,           0.0068578,             0.94677,             0.94257,             0.96645,             0.78448,            0.027822,           0.0032127,           0.0094341,            0.008746,            0.008746,            0.008746
                  40,            0.030997,           0.0065412,            0.006828,             0.96398,             0.96357,             0.98977,             0.77215,            0.028724,           0.0030822,            0.008052,            0.008713,            0.008713,            0.008713
                  41,            0.030603,           0.0062135,           0.0069562,             0.96648,              0.9833,             0.98672,             0.75207,            0.028823,           0.0031459,            0.006706,             0.00868,             0.00868,             0.00868
                  42,            0.030254,           0.0064229,           0.0070959,             0.96602,             0.98581,             0.98659,             0.77897,            0.026345,           0.0030964,           0.0065527,            0.008647,            0.008647,            0.008647
                  43,             0.03027,           0.0064251,           0.0065333,             0.96713,             0.97828,              0.9773,             0.78328,            0.028568,           0.0032682,           0.0068203,            0.008614,            0.008614,            0.008614
                  44,            0.030524,           0.0061078,           0.0067846,             0.97489,             0.99137,              0.9784,             0.78103,            0.026832,           0.0030724,            0.006691,            0.008581,            0.008581,            0.008581
                  45,            0.029941,           0.0061123,           0.0064901,             0.98314,             0.98301,             0.98494,             0.78892,            0.026728,           0.0030914,           0.0066398,            0.008548,            0.008548,            0.008548
                  46,            0.030491,           0.0062219,           0.0065717,             0.95186,             0.95956,             0.96032,             0.74598,            0.030119,           0.0030282,           0.0068259,            0.008515,            0.008515,            0.008515
                  47,            0.029993,            0.006089,           0.0063209,             0.97481,             0.97739,             0.98824,             0.79963,            0.026498,            0.002923,            0.006958,            0.008482,            0.008482,            0.008482
                  48,            0.029578,           0.0062131,           0.0061516,             0.98024,             0.97451,             0.98769,             0.80921,             0.02588,           0.0028886,           0.0067684,            0.008449,            0.008449,            0.008449
                  49,            0.029036,            0.006015,           0.0062824,             0.97854,             0.97702,             0.98926,             0.79689,            0.027288,           0.0030443,            0.006855,            0.008416,            0.008416,            0.008416
                  50,             0.02897,            0.006024,           0.0055822,             0.97101,             0.97523,             0.98798,             0.79195,            0.027396,           0.0030468,           0.0071511,            0.008383,            0.008383,            0.008383
                  51,            0.028155,           0.0059605,           0.0059291,             0.97596,             0.97216,             0.98224,             0.81576,            0.024894,           0.0028045,           0.0073392,             0.00835,             0.00835,             0.00835
                  52,            0.027995,           0.0058962,           0.0062891,             0.97464,             0.98408,             0.98943,               0.821,            0.025428,           0.0027788,            0.006591,            0.008317,            0.008317,            0.008317
                  53,             0.02903,             0.00586,           0.0059439,             0.98794,             0.97529,             0.98241,             0.81569,            0.026782,            0.002945,           0.0063369,            0.008284,            0.008284,            0.008284
                  54,            0.028616,           0.0057321,           0.0060888,             0.97356,             0.97205,             0.98809,             0.80216,            0.026936,           0.0028193,            0.006898,            0.008251,            0.008251,            0.008251
                  55,            0.029116,           0.0058523,           0.0063366,             0.91641,             0.94934,             0.93714,             0.74201,            0.029665,           0.0030499,            0.011714,            0.008218,            0.008218,            0.008218
                  56,            0.028026,            0.005958,           0.0062006,             0.98415,             0.98225,             0.98993,             0.80641,            0.026414,           0.0028232,           0.0064323,            0.008185,            0.008185,            0.008185
                  57,            0.028183,            0.005895,           0.0060317,             0.97871,             0.98585,             0.98949,             0.79137,            0.028877,           0.0028855,           0.0066408,            0.008152,            0.008152,            0.008152
                  58,            0.028697,           0.0060361,           0.0058954,             0.96601,             0.97852,             0.97636,             0.81762,            0.027281,           0.0029048,           0.0068094,            0.008119,            0.008119,            0.008119
                  59,            0.027435,            0.005961,           0.0054808,             0.98184,             0.98275,             0.98748,             0.79333,            0.027236,           0.0028539,           0.0067028,            0.008086,            0.008086,            0.008086
                  60,            0.027681,           0.0057639,            0.005911,             0.97843,             0.98585,             0.98647,              0.7867,            0.027822,           0.0030154,           0.0068236,            0.008053,            0.008053,            0.008053
                  61,             0.02738,           0.0059914,           0.0055305,              0.9642,             0.97728,             0.98463,             0.81056,            0.025891,           0.0030816,           0.0070346,             0.00802,             0.00802,             0.00802
                  62,             0.02714,           0.0056204,           0.0056508,             0.98129,             0.98193,             0.98779,             0.78973,             0.02635,           0.0029969,            0.006123,            0.007987,            0.007987,            0.007987
                  63,            0.026983,           0.0055297,           0.0058919,             0.97651,             0.98223,             0.98743,             0.84556,            0.023339,           0.0028319,           0.0062747,            0.007954,            0.007954,            0.007954
                  64,            0.026752,           0.0057018,           0.0061457,             0.97201,             0.97978,             0.98163,             0.82328,            0.025328,           0.0029834,           0.0065162,            0.007921,            0.007921,            0.007921
                  65,            0.027937,           0.0057219,           0.0060841,             0.93418,             0.93399,             0.95414,             0.75691,            0.031215,           0.0032466,            0.010124,            0.007888,            0.007888,            0.007888
                  66,            0.027507,           0.0055729,           0.0058765,             0.97924,             0.98233,             0.98308,              0.8075,            0.027942,           0.0030254,           0.0059314,            0.007855,            0.007855,            0.007855
                  67,            0.026627,           0.0057981,           0.0058168,              0.9836,             0.97488,             0.98767,             0.82355,            0.026328,           0.0029452,           0.0061352,            0.007822,            0.007822,            0.007822
                  68,            0.027013,           0.0056356,           0.0053772,             0.98564,             0.97907,             0.98126,             0.80345,            0.026429,           0.0029771,           0.0063543,            0.007789,            0.007789,            0.007789
                  69,             0.02763,           0.0057882,           0.0059471,             0.98225,             0.98275,             0.98711,             0.83259,            0.024545,           0.0028493,           0.0061809,            0.007756,            0.007756,            0.007756
                  70,            0.027343,           0.0058601,           0.0062203,             0.96805,             0.97829,             0.98074,             0.82734,            0.024875,           0.0029562,           0.0070583,            0.007723,            0.007723,            0.007723
                  71,            0.027042,           0.0055622,           0.0057303,             0.97177,             0.97362,             0.97533,              0.7785,            0.028548,             0.00309,           0.0069356,             0.00769,             0.00769,             0.00769
                  72,            0.026839,           0.0055798,           0.0057536,             0.98837,             0.98328,             0.98752,             0.83737,            0.025044,           0.0028349,           0.0059221,            0.007657,            0.007657,            0.007657
                  73,            0.026101,           0.0055357,           0.0051101,             0.97887,             0.97652,             0.98481,             0.81149,            0.027045,           0.0028503,           0.0060936,            0.007624,            0.007624,            0.007624
                  74,            0.026544,           0.0056192,            0.005487,             0.98224,             0.97705,              0.9849,             0.81426,            0.025711,           0.0028898,           0.0066752,            0.007591,            0.007591,            0.007591
                  75,            0.026006,           0.0055848,           0.0051426,               0.976,             0.97654,             0.98582,             0.83004,            0.024671,           0.0028533,           0.0063374,            0.007558,            0.007558,            0.007558
                  76,            0.026301,            0.005537,           0.0057733,             0.97204,              0.9903,             0.98676,             0.82534,            0.026014,            0.002784,           0.0069541,            0.007525,            0.007525,            0.007525
                  77,            0.025667,           0.0055673,           0.0054317,             0.96399,             0.97189,             0.96627,             0.80747,            0.029017,           0.0029253,           0.0067981,            0.007492,            0.007492,            0.007492
                  78,            0.026329,           0.0055473,           0.0054943,              0.9671,             0.96776,             0.97313,             0.80783,            0.027965,           0.0029442,           0.0065568,            0.007459,            0.007459,            0.007459
                  79,             0.02633,           0.0057543,           0.0054715,             0.97612,             0.97594,             0.98938,             0.82289,             0.02547,           0.0027769,           0.0068267,            0.007426,            0.007426,            0.007426
                  80,            0.025208,           0.0052472,           0.0052139,             0.96421,             0.97791,             0.98519,             0.81658,            0.026569,            0.002863,           0.0073639,            0.007393,            0.007393,            0.007393
                  81,            0.025808,           0.0055383,           0.0050174,             0.97761,             0.97654,             0.98666,             0.82603,            0.025114,           0.0026177,           0.0065029,             0.00736,             0.00736,             0.00736
                  82,            0.026206,           0.0056741,           0.0053137,             0.98414,             0.98219,             0.98748,             0.85278,            0.024378,           0.0027763,           0.0064912,            0.007327,            0.007327,            0.007327
                  83,            0.025448,            0.005752,           0.0050683,             0.97001,             0.96365,             0.98238,             0.80008,            0.027059,           0.0028878,           0.0073892,            0.007294,            0.007294,            0.007294
                  84,            0.025804,            0.005519,           0.0052556,               0.968,              0.9635,             0.98436,             0.82751,            0.025127,           0.0027314,           0.0074238,            0.007261,            0.007261,            0.007261
                  85,            0.026048,           0.0055865,           0.0052694,             0.96375,             0.96971,             0.97762,             0.77674,            0.028566,           0.0030063,           0.0064927,            0.007228,            0.007228,            0.007228
                  86,            0.025892,           0.0053032,           0.0053283,             0.98154,             0.97084,             0.98395,             0.82437,            0.025846,           0.0029131,           0.0057644,            0.007195,            0.007195,            0.007195
                  87,             0.02611,           0.0056599,           0.0055964,             0.97895,             0.98412,             0.98747,             0.82563,            0.024986,           0.0027378,           0.0059826,            0.007162,            0.007162,            0.007162
                  88,            0.025215,           0.0054042,           0.0053089,             0.97316,             0.98701,             0.99134,             0.82173,            0.026046,           0.0027017,           0.0066724,            0.007129,            0.007129,            0.007129
                  89,            0.024966,           0.0054081,           0.0048936,             0.98122,             0.98574,             0.98559,             0.83501,            0.026303,           0.0027914,           0.0066467,            0.007096,            0.007096,            0.007096
                  90,            0.025079,           0.0052439,           0.0049282,             0.97451,             0.97856,             0.98059,             0.80544,            0.028239,           0.0030569,           0.0062297,            0.007063,            0.007063,            0.007063
                  91,            0.025074,           0.0053859,           0.0051443,              0.9722,             0.97706,             0.97973,             0.80535,            0.028371,           0.0030023,           0.0064118,             0.00703,             0.00703,             0.00703
                  92,            0.024681,           0.0052209,           0.0050126,             0.97886,             0.98896,             0.98218,             0.83713,            0.025251,           0.0028987,           0.0061639,            0.006997,            0.006997,            0.006997
                  93,            0.024711,           0.0052435,            0.004959,             0.98903,             0.98585,             0.98807,              0.8327,            0.025873,           0.0028096,           0.0057363,            0.006964,            0.006964,            0.006964
                  94,            0.024041,            0.005117,           0.0048346,              0.9809,             0.98315,             0.98711,             0.85321,             0.02295,           0.0027673,           0.0060375,            0.006931,            0.006931,            0.006931
                  95,            0.024591,            0.005095,           0.0052965,              0.9799,             0.98147,             0.98327,             0.81905,            0.024742,           0.0027319,           0.0058207,            0.006898,            0.006898,            0.006898
                  96,            0.024695,           0.0051083,           0.0049399,             0.98401,             0.98896,             0.98589,              0.8346,            0.024055,           0.0027456,           0.0058269,            0.006865,            0.006865,            0.006865
                  97,             0.02486,           0.0052448,            0.004754,              0.9724,             0.97964,             0.97697,             0.81786,            0.027979,           0.0029144,            0.005817,            0.006832,            0.006832,            0.006832
                  98,            0.024459,           0.0050454,           0.0051978,             0.98006,             0.98989,             0.98645,             0.82773,            0.024967,            0.002853,           0.0064877,            0.006799,            0.006799,            0.006799
                  99,            0.023831,           0.0050419,           0.0048559,             0.98685,             0.98706,             0.98735,             0.84336,            0.023758,           0.0027552,           0.0057085,            0.006766,            0.006766,            0.006766
                 100,            0.024162,           0.0049444,           0.0047023,             0.98061,             0.98508,             0.98621,              0.8386,            0.024553,           0.0026717,           0.0053783,            0.006733,            0.006733,            0.006733
                 101,            0.024689,           0.0051832,           0.0049103,             0.97602,             0.98896,              0.9826,             0.83535,            0.024407,           0.0027397,           0.0056858,              0.0067,              0.0067,              0.0067
                 102,            0.025542,           0.0053856,           0.0051591,             0.97512,              0.9815,             0.98707,             0.84838,            0.024049,            0.002781,           0.0055628,            0.006667,            0.006667,            0.006667
                 103,            0.023919,           0.0052198,           0.0046945,             0.97676,             0.99206,             0.98506,             0.83907,             0.02435,           0.0028311,           0.0056913,            0.006634,            0.006634,            0.006634
                 104,            0.024315,           0.0052019,            0.004949,             0.98356,             0.98128,              0.9872,             0.86032,            0.022611,           0.0027786,           0.0057252,            0.006601,            0.006601,            0.006601
                 105,            0.024838,           0.0051441,           0.0050852,             0.97286,             0.98545,              0.9783,             0.83886,            0.024044,           0.0027904,           0.0058257,            0.006568,            0.006568,            0.006568
                 106,             0.02331,           0.0050766,           0.0044695,             0.98494,             0.98466,             0.98889,             0.84608,              0.0238,            0.002663,           0.0059868,            0.006535,            0.006535,            0.006535
                 107,            0.024107,           0.0048941,           0.0048311,             0.97792,             0.98896,             0.98647,             0.84815,            0.024106,           0.0027217,           0.0056682,            0.006502,            0.006502,            0.006502
                 108,            0.023306,           0.0050526,           0.0049506,             0.98174,             0.98857,             0.98687,             0.85498,            0.022998,           0.0026788,            0.005449,            0.006469,            0.006469,            0.006469
                 109,            0.023728,            0.004897,           0.0052174,             0.98429,             0.97705,             0.98296,             0.83969,            0.024283,           0.0027462,           0.0057418,            0.006436,            0.006436,            0.006436
                 110,            0.024284,           0.0049519,           0.0047429,             0.96377,             0.98218,             0.97631,             0.82787,            0.026167,           0.0028565,           0.0057083,            0.006403,            0.006403,            0.006403
                 111,            0.023199,           0.0048046,           0.0046733,             0.97399,             0.98978,             0.98683,              0.8425,             0.02502,           0.0028278,           0.0056388,             0.00637,             0.00637,             0.00637
                 112,            0.023248,           0.0050451,           0.0049706,             0.97647,             0.99206,             0.98457,             0.85127,            0.023829,           0.0026551,           0.0057597,            0.006337,            0.006337,            0.006337
                 113,             0.02362,           0.0050085,           0.0047581,             0.98098,             0.98347,             0.98574,             0.84119,            0.024081,           0.0027037,           0.0062067,            0.006304,            0.006304,            0.006304
                 114,             0.02421,           0.0049863,           0.0048295,             0.97698,             0.98585,             0.98415,             0.83003,            0.024003,           0.0025553,           0.0061988,            0.006271,            0.006271,            0.006271
                 115,             0.02362,           0.0049112,           0.0048545,             0.96541,             0.97542,             0.98171,             0.82635,            0.025823,           0.0026669,           0.0069987,            0.006238,            0.006238,            0.006238
                 116,            0.023926,           0.0052177,           0.0053056,             0.97286,             0.98585,              0.9751,             0.82424,            0.027381,           0.0027937,           0.0061526,            0.006205,            0.006205,            0.006205
                 117,            0.023885,           0.0051246,           0.0047403,             0.98373,             0.98464,             0.98699,             0.86384,            0.023241,            0.002658,           0.0060733,            0.006172,            0.006172,            0.006172
                 118,            0.023996,           0.0049685,            0.004486,             0.98644,             0.98896,             0.98701,             0.86705,             0.02306,           0.0026459,           0.0060308,            0.006139,            0.006139,            0.006139
                 119,            0.022795,           0.0050011,           0.0043352,             0.97971,             0.98585,             0.98245,             0.82342,            0.026758,           0.0027012,           0.0059016,            0.006106,            0.006106,            0.006106
                 120,            0.023146,           0.0048287,            0.004806,              0.9833,             0.98896,             0.98667,             0.84573,            0.024284,           0.0026471,           0.0060483,            0.006073,            0.006073,            0.006073
                 121,            0.023396,           0.0049347,           0.0046251,             0.98298,             0.98896,             0.98828,              0.8579,            0.023233,           0.0025228,           0.0058779,             0.00604,             0.00604,             0.00604
                 122,            0.023292,           0.0049218,           0.0045362,             0.97985,             0.99206,              0.9868,             0.85315,            0.023917,           0.0025563,           0.0059883,            0.006007,            0.006007,            0.006007
                 123,            0.022898,           0.0047926,           0.0047125,             0.97367,             0.98563,             0.97776,             0.82054,            0.027493,           0.0027294,           0.0063731,            0.005974,            0.005974,            0.005974
                 124,            0.023312,            0.004891,           0.0048955,             0.95853,             0.97224,              0.9729,             0.84525,            0.024509,           0.0025911,           0.0071304,            0.005941,            0.005941,            0.005941
                 125,            0.023208,           0.0048592,           0.0048848,             0.98253,             0.98285,              0.9838,             0.84871,            0.024438,           0.0026819,           0.0061254,            0.005908,            0.005908,            0.005908
                 126,            0.023259,           0.0049928,           0.0047017,             0.97991,             0.98896,             0.98436,             0.83277,            0.024222,           0.0026408,           0.0058784,            0.005875,            0.005875,            0.005875
                 127,            0.023036,           0.0048985,           0.0044965,               0.977,             0.98585,             0.97935,             0.83364,            0.023869,           0.0026137,           0.0057998,            0.005842,            0.005842,            0.005842
                 128,            0.022846,           0.0049068,           0.0045766,             0.98399,             0.98626,             0.98755,             0.86442,             0.02189,           0.0023959,           0.0057032,            0.005809,            0.005809,            0.005809
                 129,            0.021901,           0.0047407,           0.0043491,             0.98463,             0.98007,             0.98897,             0.84663,            0.023727,           0.0025016,           0.0060057,            0.005776,            0.005776,            0.005776
                 130,             0.02339,           0.0046991,           0.0046628,             0.98148,             0.98488,             0.98609,             0.83404,            0.026081,           0.0026364,            0.005794,            0.005743,            0.005743,            0.005743
                 131,            0.022448,           0.0048304,           0.0042407,             0.99241,             0.98275,             0.98663,             0.86995,             0.02255,           0.0025775,           0.0056114,             0.00571,             0.00571,             0.00571
                 132,            0.023326,           0.0048111,           0.0049011,              0.9816,             0.98626,             0.98553,             0.87414,            0.022552,           0.0025646,           0.0057556,            0.005677,            0.005677,            0.005677
                 133,            0.022873,           0.0048361,           0.0043259,              0.9762,             0.98896,             0.98231,             0.83352,            0.024899,            0.002724,           0.0058252,            0.005644,            0.005644,            0.005644
                 134,            0.022775,           0.0048153,           0.0044749,             0.97986,             0.98329,             0.98269,              0.8292,            0.025527,           0.0027734,           0.0058316,            0.005611,            0.005611,            0.005611
                 135,            0.022088,           0.0048234,           0.0040128,             0.97826,             0.98575,             0.98061,             0.83268,            0.026113,           0.0028279,           0.0060941,            0.005578,            0.005578,            0.005578
                 136,            0.021702,           0.0046993,           0.0044011,             0.97448,             0.98929,             0.98407,              0.8538,            0.025131,           0.0027131,           0.0054637,            0.005545,            0.005545,            0.005545
                 137,            0.022112,           0.0048474,           0.0042832,              0.9677,             0.98723,             0.97747,               0.833,            0.025508,           0.0027588,           0.0058609,            0.005512,            0.005512,            0.005512
                 138,            0.022651,           0.0046887,           0.0042228,             0.96987,             0.98875,             0.97767,             0.82791,            0.026651,           0.0027544,           0.0063826,            0.005479,            0.005479,            0.005479
                 139,            0.023336,           0.0048034,           0.0047488,             0.97807,             0.99182,             0.98559,             0.83712,            0.024426,           0.0026231,           0.0057239,            0.005446,            0.005446,            0.005446
                 140,            0.021736,           0.0046094,           0.0041567,             0.97693,             0.98585,             0.98661,             0.84688,            0.024462,            0.002611,           0.0059299,            0.005413,            0.005413,            0.005413
                 141,            0.022169,           0.0048439,           0.0044244,             0.97559,             0.99206,             0.98146,             0.84392,            0.025926,            0.002841,           0.0058159,             0.00538,             0.00538,             0.00538
                 142,             0.02239,           0.0047304,           0.0046692,             0.97973,             0.99026,             0.98575,             0.85929,            0.023388,           0.0026388,           0.0053689,            0.005347,            0.005347,            0.005347
                 143,            0.021247,           0.0045063,           0.0042379,             0.97697,             0.97937,             0.98273,             0.83952,            0.025724,           0.0026916,           0.0057547,            0.005314,            0.005314,            0.005314
                 144,             0.02214,           0.0047472,            0.004546,             0.97858,             0.97958,             0.98347,             0.85696,            0.023695,           0.0026935,           0.0056995,            0.005281,            0.005281,            0.005281
                 145,             0.02197,           0.0045495,           0.0045443,             0.98157,             0.98408,             0.98584,             0.85225,             0.02395,           0.0026481,           0.0054909,            0.005248,            0.005248,            0.005248
                 146,            0.021313,           0.0044815,           0.0043769,             0.97726,             0.98585,             0.97899,             0.85121,            0.023719,           0.0026258,           0.0054954,            0.005215,            0.005215,            0.005215
                 147,            0.021086,           0.0045157,           0.0039958,             0.97987,             0.98557,             0.97673,             0.85974,            0.024423,           0.0026332,           0.0057214,            0.005182,            0.005182,            0.005182
                 148,            0.021552,           0.0045762,           0.0045446,             0.98381,             0.98896,             0.98579,              0.8616,             0.02354,           0.0025828,           0.0056865,            0.005149,            0.005149,            0.005149
                 149,            0.021148,           0.0046541,           0.0040723,             0.97991,             0.97113,             0.98192,             0.85356,            0.023905,           0.0025536,           0.0054602,            0.005116,            0.005116,            0.005116
                 150,            0.021415,           0.0045889,           0.0042071,             0.97508,             0.97705,             0.97424,             0.84679,            0.023845,           0.0025907,            0.006102,            0.005083,            0.005083,            0.005083
                 151,            0.022273,           0.0046896,           0.0046558,             0.97962,             0.98896,             0.98949,             0.87761,            0.022195,           0.0023939,           0.0058573,             0.00505,             0.00505,             0.00505
                 152,            0.021093,           0.0044118,           0.0042994,             0.98169,             0.98896,             0.98683,             0.85352,            0.023749,           0.0025333,           0.0057219,            0.005017,            0.005017,            0.005017
                 153,            0.021377,           0.0047865,           0.0042971,             0.98016,             0.97894,              0.9924,             0.86639,            0.023862,           0.0024642,            0.005844,            0.004984,            0.004984,            0.004984
                 154,            0.021873,           0.0044799,           0.0041636,             0.97649,             0.97481,             0.99127,             0.86672,            0.023035,           0.0024522,           0.0060414,            0.004951,            0.004951,            0.004951
                 155,            0.021194,            0.004482,           0.0043113,             0.97909,             0.97583,             0.98522,             0.86557,            0.023379,            0.002511,           0.0056377,            0.004918,            0.004918,            0.004918
                 156,            0.021766,           0.0046697,           0.0043523,             0.98343,             0.98234,             0.98692,             0.84746,            0.024431,           0.0025882,            0.005839,            0.004885,            0.004885,            0.004885
                 157,            0.021947,           0.0046377,           0.0041458,              0.9798,             0.98218,               0.983,             0.85481,            0.024173,           0.0025875,           0.0058089,            0.004852,            0.004852,            0.004852
                 158,             0.02178,           0.0045057,           0.0042532,             0.97714,             0.98487,             0.98328,             0.85979,            0.022646,           0.0025328,           0.0053654,            0.004819,            0.004819,            0.004819
                 159,            0.021323,           0.0045521,           0.0043773,             0.97681,             0.97992,             0.98903,             0.86511,            0.022801,           0.0024831,           0.0055728,            0.004786,            0.004786,            0.004786
                 160,            0.021209,           0.0045631,           0.0043768,             0.97847,             0.98408,             0.98963,             0.85742,            0.023876,           0.0024875,           0.0058312,            0.004753,            0.004753,            0.004753
                 161,            0.021115,           0.0044208,           0.0044461,              0.9815,             0.97654,             0.98398,             0.84726,            0.024717,           0.0026315,           0.0059597,             0.00472,             0.00472,             0.00472
                 162,            0.021383,           0.0045184,           0.0041535,             0.98277,             0.98054,             0.97752,             0.84216,            0.024427,           0.0026349,           0.0054957,            0.004687,            0.004687,            0.004687
                 163,            0.021301,            0.004548,           0.0045386,             0.95422,             0.98384,              0.9835,             0.85213,            0.024475,           0.0025573,           0.0056978,            0.004654,            0.004654,            0.004654
                 164,            0.021225,           0.0044311,           0.0040894,             0.98112,             0.97395,             0.98726,             0.85953,            0.023354,           0.0024924,           0.0049512,            0.004621,            0.004621,            0.004621
                 165,            0.021476,           0.0045071,           0.0044291,             0.98665,             0.97932,             0.98779,             0.87035,            0.022938,           0.0024541,           0.0048936,            0.004588,            0.004588,            0.004588
                 166,             0.02137,           0.0045401,           0.0042583,             0.98437,             0.98795,             0.98429,             0.85655,            0.022489,           0.0025663,           0.0049888,            0.004555,            0.004555,            0.004555
                 167,            0.020524,           0.0044842,           0.0042407,             0.97913,             0.98273,              0.9882,             0.86399,            0.022692,           0.0025089,           0.0052532,            0.004522,            0.004522,            0.004522
                 168,            0.021098,            0.004374,           0.0041574,             0.97998,             0.98896,             0.98561,             0.85997,            0.022287,           0.0025968,           0.0050221,            0.004489,            0.004489,            0.004489
                 169,            0.020848,           0.0043887,           0.0039578,             0.98245,             0.98896,              0.9839,             0.84995,            0.023768,           0.0026205,           0.0049351,            0.004456,            0.004456,            0.004456
                 170,            0.021033,           0.0042923,           0.0040479,             0.98237,             0.97658,             0.97813,             0.85393,            0.023506,           0.0026073,           0.0052102,            0.004423,            0.004423,            0.004423
                 171,             0.02104,           0.0046147,           0.0040012,             0.98082,             0.98432,             0.97885,             0.85268,            0.023064,           0.0025607,           0.0050079,             0.00439,             0.00439,             0.00439
                 172,            0.020928,           0.0042917,           0.0039789,             0.97453,             0.98587,             0.97822,              0.8457,            0.024606,           0.0026525,           0.0052412,            0.004357,            0.004357,            0.004357
                 173,            0.020339,           0.0044963,           0.0039097,             0.97873,             0.98585,             0.98114,             0.85761,            0.022648,           0.0025683,           0.0050816,            0.004324,            0.004324,            0.004324
                 174,            0.020201,           0.0043265,           0.0037632,             0.98371,             0.98042,             0.98716,             0.86696,            0.022038,           0.0025482,           0.0052489,            0.004291,            0.004291,            0.004291
                 175,            0.021257,           0.0044883,           0.0043351,              0.9841,             0.98896,             0.98724,             0.87539,            0.022454,            0.002515,           0.0052814,            0.004258,            0.004258,            0.004258
                 176,            0.021013,           0.0046072,           0.0043619,               0.978,             0.98585,             0.97989,             0.85124,            0.024652,           0.0026179,           0.0055871,            0.004225,            0.004225,            0.004225
                 177,            0.019934,           0.0041577,           0.0037889,             0.97966,             0.97618,             0.98239,             0.84872,            0.024643,           0.0025806,           0.0051541,            0.004192,            0.004192,            0.004192
                 178,            0.019824,            0.004324,           0.0037827,             0.98571,             0.97705,             0.98662,             0.86545,            0.022497,           0.0024239,           0.0051426,            0.004159,            0.004159,            0.004159
                 179,            0.020169,           0.0042563,           0.0038978,              0.9788,             0.97588,             0.98504,             0.84353,            0.024287,           0.0024769,           0.0052067,            0.004126,            0.004126,            0.004126
                 180,            0.020556,           0.0042281,            0.004194,             0.97956,             0.97536,              0.9777,              0.8454,            0.023886,           0.0025703,            0.005582,            0.004093,            0.004093,            0.004093
                 181,            0.020361,           0.0043098,           0.0039537,             0.98269,             0.97306,             0.98309,             0.86942,            0.022786,            0.002449,           0.0050797,             0.00406,             0.00406,             0.00406
                 182,              0.0202,             0.00417,           0.0037069,             0.98366,             0.98016,             0.98675,             0.86793,             0.02228,           0.0024118,           0.0048634,            0.004027,            0.004027,            0.004027
                 183,            0.020005,           0.0044195,           0.0040238,             0.98166,             0.98016,             0.98331,             0.86027,            0.023818,           0.0025586,           0.0050393,            0.003994,            0.003994,            0.003994
                 184,            0.019554,           0.0040258,            0.003663,             0.97743,             0.97705,             0.97631,               0.846,            0.024507,           0.0026163,           0.0051371,            0.003961,            0.003961,            0.003961
                 185,            0.020666,           0.0043081,           0.0039796,             0.97858,             0.97705,             0.97876,             0.86155,            0.023038,           0.0025417,           0.0051467,            0.003928,            0.003928,            0.003928
                 186,            0.020278,           0.0044026,           0.0041339,             0.98073,             0.97888,             0.97996,             0.85752,            0.024263,           0.0026345,           0.0052586,            0.003895,            0.003895,            0.003895
                 187,            0.020214,           0.0044265,           0.0040245,             0.98518,             0.98186,               0.986,             0.86371,            0.023162,           0.0025562,           0.0052771,            0.003862,            0.003862,            0.003862
                 188,            0.020252,           0.0043162,           0.0043633,             0.97953,             0.97941,             0.98055,             0.85943,            0.023702,           0.0025957,           0.0051782,            0.003829,            0.003829,            0.003829
                 189,            0.020419,           0.0043344,           0.0039826,             0.97873,             0.97869,             0.98242,             0.84796,            0.024461,           0.0026306,            0.005205,            0.003796,            0.003796,            0.003796
                 190,            0.019932,           0.0042385,           0.0039627,             0.97589,             0.97705,             0.97449,             0.84549,            0.024808,           0.0026542,           0.0054389,            0.003763,            0.003763,            0.003763
                 191,            0.020672,           0.0043339,           0.0040178,             0.97975,             0.97812,              0.9831,             0.84874,            0.023573,           0.0026161,           0.0051309,             0.00373,             0.00373,             0.00373
                 192,             0.01942,           0.0042521,           0.0038448,             0.97715,             0.97855,             0.98209,             0.84779,            0.024787,           0.0025851,           0.0050516,            0.003697,            0.003697,            0.003697
                 193,            0.019684,           0.0042997,           0.0040084,             0.97825,             0.97084,             0.97729,             0.85038,            0.025211,           0.0025856,            0.005039,            0.003664,            0.003664,            0.003664
                 194,            0.019822,           0.0042872,           0.0039131,             0.97546,             0.97148,             0.97458,             0.84763,            0.025566,           0.0026631,           0.0051177,            0.003631,            0.003631,            0.003631
                 195,            0.019661,           0.0043022,           0.0039087,             0.97434,             0.97066,             0.97556,             0.84488,            0.025567,            0.002648,           0.0051041,            0.003598,            0.003598,            0.003598
                 196,            0.019678,           0.0042309,           0.0040601,             0.97673,             0.97395,             0.97795,             0.85835,               0.024,           0.0025134,           0.0049101,            0.003565,            0.003565,            0.003565
                 197,            0.020306,           0.0042923,           0.0040777,             0.97592,             0.97985,             0.97515,              0.8643,            0.024026,            0.002552,            0.004891,            0.003532,            0.003532,            0.003532
                 198,            0.019467,           0.0040526,           0.0039528,             0.98388,             0.98064,             0.98708,             0.84896,            0.024879,           0.0025147,           0.0048493,            0.003499,            0.003499,            0.003499
                 199,            0.019211,           0.0040293,           0.0038058,             0.97898,             0.98194,             0.98446,             0.85249,            0.024592,           0.0026334,           0.0049628,            0.003466,            0.003466,            0.003466
                 200,            0.020073,           0.0041392,           0.0039906,              0.9855,             0.97618,             0.98471,             0.84725,            0.024609,            0.002647,           0.0048924,            0.003433,            0.003433,            0.003433
                 201,            0.019336,           0.0041618,           0.0037347,             0.97793,             0.97429,             0.98182,             0.84711,            0.025208,            0.002641,           0.0050517,              0.0034,              0.0034,              0.0034
                 202,            0.019137,           0.0042272,           0.0038025,             0.97857,             0.97501,             0.97696,             0.84818,            0.024183,           0.0025701,           0.0050805,            0.003367,            0.003367,            0.003367
                 203,            0.020134,           0.0040821,           0.0041658,             0.97589,             0.97705,             0.97641,             0.84865,             0.02475,           0.0025594,           0.0051598,            0.003334,            0.003334,            0.003334
                 204,            0.018922,           0.0038885,           0.0035202,             0.97716,             0.97278,             0.97878,             0.85233,            0.025008,           0.0026051,           0.0048509,            0.003301,            0.003301,            0.003301
                 205,            0.019159,           0.0041972,           0.0038488,             0.98087,             0.98271,             0.98428,             0.86713,            0.023587,           0.0025391,           0.0048474,            0.003268,            0.003268,            0.003268
                 206,            0.019255,           0.0041535,           0.0037626,             0.98852,              0.9792,             0.98673,             0.85663,            0.024043,           0.0025221,           0.0047588,            0.003235,            0.003235,            0.003235
                 207,             0.01959,           0.0041813,            0.003903,             0.98142,             0.97999,             0.98571,             0.85332,            0.024669,           0.0025532,           0.0051162,            0.003202,            0.003202,            0.003202
                 208,            0.019623,           0.0039281,           0.0038664,             0.98504,             0.98044,             0.98643,              0.8719,            0.023145,           0.0024333,           0.0048847,            0.003169,            0.003169,            0.003169
                 209,            0.019897,           0.0041393,           0.0042334,             0.98068,             0.98271,             0.98562,             0.86726,            0.023534,           0.0024876,           0.0047147,            0.003136,            0.003136,            0.003136
                 210,             0.01875,            0.004113,           0.0034669,             0.98399,             0.97846,             0.98171,             0.86497,            0.024651,           0.0025772,           0.0047105,            0.003103,            0.003103,            0.003103
                 211,            0.019068,           0.0041983,           0.0039594,             0.98103,             0.98468,             0.97823,              0.8547,            0.024649,           0.0025698,           0.0049451,             0.00307,             0.00307,             0.00307
                 212,            0.019036,           0.0041444,           0.0036333,              0.9784,             0.98379,             0.97982,             0.86536,            0.024102,           0.0025169,           0.0048924,            0.003037,            0.003037,            0.003037
                 213,            0.019222,           0.0039386,           0.0037727,             0.98074,             0.98179,             0.97949,             0.86587,            0.024377,           0.0026078,           0.0050057,            0.003004,            0.003004,            0.003004
                 214,            0.019295,           0.0041556,           0.0038327,             0.98431,             0.98809,             0.98203,             0.85983,            0.024358,           0.0025616,           0.0049306,            0.002971,            0.002971,            0.002971
                 215,             0.01871,           0.0039037,            0.003614,             0.98421,             0.98792,             0.98257,             0.86527,            0.023707,           0.0025353,           0.0047762,            0.002938,            0.002938,            0.002938
                 216,            0.018888,            0.004132,           0.0035675,             0.97798,             0.97968,             0.97497,               0.853,            0.025068,           0.0026165,           0.0048425,            0.002905,            0.002905,            0.002905
                 217,             0.01926,           0.0039742,           0.0038256,              0.9763,             0.98896,             0.97664,             0.87344,            0.023761,            0.002484,           0.0046077,            0.002872,            0.002872,            0.002872
                 218,            0.018931,           0.0040178,            0.003637,             0.97852,              0.9878,              0.9759,             0.86178,            0.023834,           0.0026224,           0.0049296,            0.002839,            0.002839,            0.002839
                 219,            0.019186,           0.0040714,           0.0038537,             0.97837,             0.98112,             0.97681,             0.85278,            0.024434,           0.0025966,            0.004905,            0.002806,            0.002806,            0.002806
                 220,            0.018288,           0.0039804,           0.0034402,             0.97469,             0.97546,              0.9723,             0.85263,            0.024833,              0.0026,           0.0050351,            0.002773,            0.002773,            0.002773
                 221,            0.019415,           0.0038876,           0.0038342,              0.9781,             0.97972,             0.97797,             0.86445,            0.024263,           0.0025134,           0.0047153,             0.00274,             0.00274,             0.00274
                 222,            0.019001,           0.0040514,           0.0039049,              0.9817,             0.98122,             0.98042,             0.85765,            0.024768,           0.0026012,           0.0048886,            0.002707,            0.002707,            0.002707
                 223,               0.019,           0.0040201,           0.0034888,             0.98184,             0.98255,              0.9824,             0.87185,            0.024331,            0.002606,            0.004829,            0.002674,            0.002674,            0.002674
                 224,            0.018082,           0.0039907,           0.0034363,             0.97752,             0.98024,             0.97474,             0.85706,             0.02514,            0.002668,           0.0048496,            0.002641,            0.002641,            0.002641
                 225,            0.018683,           0.0040476,           0.0036302,             0.97882,             0.97908,             0.97311,             0.84629,            0.025034,           0.0027028,           0.0050223,            0.002608,            0.002608,            0.002608
                 226,            0.018033,           0.0038914,           0.0033466,             0.97543,             0.97705,             0.97265,             0.85125,            0.024711,           0.0026093,           0.0050446,            0.002575,            0.002575,            0.002575
                 227,            0.017876,           0.0037561,           0.0034002,             0.97784,             0.97936,              0.9745,             0.84897,            0.025655,           0.0026908,           0.0050801,            0.002542,            0.002542,            0.002542
                 228,             0.01839,           0.0038932,           0.0035731,             0.97715,             0.98896,             0.97294,             0.85438,            0.024907,           0.0026855,           0.0050522,            0.002509,            0.002509,            0.002509
                 229,            0.018663,           0.0039314,            0.003728,             0.97637,             0.98896,             0.97632,             0.85792,            0.024304,           0.0026767,            0.005029,            0.002476,            0.002476,            0.002476
                 230,            0.018052,           0.0038788,           0.0036344,             0.97587,             0.98711,             0.97683,             0.85841,            0.024584,           0.0026163,           0.0049338,            0.002443,            0.002443,            0.002443
                 231,            0.018014,           0.0038271,           0.0033234,              0.9762,             0.98787,             0.97595,             0.86132,            0.024355,           0.0026482,           0.0050655,             0.00241,             0.00241,             0.00241
                 232,            0.018299,           0.0038663,           0.0036531,             0.97839,             0.97983,             0.97502,             0.86145,            0.024112,            0.002625,           0.0050996,            0.002377,            0.002377,            0.002377
                 233,            0.018014,           0.0038674,           0.0035611,             0.97055,             0.98313,             0.97363,              0.8697,            0.023453,           0.0025491,           0.0050009,            0.002344,            0.002344,            0.002344
                 234,            0.018378,           0.0037279,           0.0036665,             0.97386,             0.99206,             0.98213,             0.86863,            0.022882,            0.002513,           0.0048816,            0.002311,            0.002311,            0.002311
                 235,            0.017986,            0.003802,           0.0033925,             0.97788,             0.97988,             0.97776,             0.87228,            0.023741,           0.0025769,           0.0049403,            0.002278,            0.002278,            0.002278
                 236,            0.019038,           0.0038613,           0.0038599,             0.97662,             0.98075,             0.97818,             0.86833,            0.023819,            0.002531,           0.0048179,            0.002245,            0.002245,            0.002245
                 237,            0.018116,           0.0037294,           0.0035931,             0.97847,             0.98296,             0.98541,             0.87443,            0.023315,           0.0024883,           0.0047565,            0.002212,            0.002212,            0.002212
                 238,              0.0172,            0.003848,           0.0032461,             0.97613,             0.97556,              0.9782,              0.8558,            0.024915,           0.0025138,           0.0048261,            0.002179,            0.002179,            0.002179
                 239,            0.017786,           0.0038105,           0.0034787,             0.98055,               0.979,             0.98261,             0.85597,             0.02476,           0.0026044,            0.004943,            0.002146,            0.002146,            0.002146
                 240,            0.017629,            0.003811,           0.0035326,             0.97769,             0.97356,             0.97377,             0.85268,            0.025198,           0.0027088,           0.0051306,            0.002113,            0.002113,            0.002113
                 241,            0.018417,           0.0037977,           0.0036763,             0.97651,               0.975,             0.97524,             0.85139,             0.02448,           0.0025974,           0.0050899,             0.00208,             0.00208,             0.00208
                 242,            0.018189,           0.0037252,           0.0035408,             0.97802,              0.9795,             0.97712,              0.8544,            0.024036,           0.0025291,           0.0049615,            0.002047,            0.002047,            0.002047
                 243,            0.017602,           0.0040065,           0.0032652,             0.97757,             0.97988,             0.97982,             0.86064,            0.023754,           0.0024444,            0.004834,            0.002014,            0.002014,            0.002014
                 244,            0.018415,           0.0037389,           0.0036443,             0.97801,             0.98022,             0.97934,             0.86822,            0.023808,           0.0025099,           0.0048501,            0.001981,            0.001981,            0.001981
                 245,            0.017481,           0.0038476,           0.0031117,             0.97725,             0.98131,             0.97866,             0.86457,             0.02357,            0.002523,           0.0048394,            0.001948,            0.001948,            0.001948
                 246,            0.018579,           0.0037547,           0.0038787,             0.97467,             0.98724,              0.9796,             0.87159,            0.022517,           0.0024003,           0.0047236,            0.001915,            0.001915,            0.001915
                 247,            0.018065,           0.0038362,           0.0036214,             0.97261,             0.98671,             0.97925,              0.8634,             0.02337,           0.0024323,           0.0047586,            0.001882,            0.001882,            0.001882
                 248,            0.017562,           0.0038016,           0.0034746,             0.97531,             0.98896,             0.97498,             0.85907,            0.024287,           0.0025501,           0.0048733,            0.001849,            0.001849,            0.001849
                 249,            0.017656,           0.0036931,            0.003606,             0.97707,             0.98896,             0.97556,             0.85919,            0.024544,            0.002521,           0.0047732,            0.001816,            0.001816,            0.001816
                 250,            0.017953,           0.0037301,           0.0036658,             0.97482,             0.98298,             0.97811,             0.85417,            0.025124,            0.002576,           0.0047805,            0.001783,            0.001783,            0.001783
                 251,            0.018122,           0.0037549,           0.0038453,             0.97628,             0.97961,             0.97652,             0.86022,             0.02458,           0.0026291,           0.0049058,             0.00175,             0.00175,             0.00175
